unit_name,rank,parent,era,period_key,series_key,older_ma,younger_ma,color
Paleozoic,Era,Phanerozoic,Paleozoic,Devonian,LowerDevonian,538.8,251.902,#99C08D
Mesozoic,Era,Phanerozoic,Mesozoic,Jurassic,UpperJurassic,251.902,66.0,#67C5CA
Cenozoic,Era,Phanerozoic,Cenozoic,Paleogene,Oligocene,66.0,0.0,#F2F91D
Cambrian,Period,Paleozoic,Paleozoic,Cambrian,Series 2,538.8,486.85,#7FA056
Ordovician,Period,Paleozoic,Paleozoic,Ordovician,MiddleOrdovician,486.85,443.1,#009270
Silurian,Period,Paleozoic,Paleozoic,Silurian,Wenlock,443.1,419.62,#B3E1B6
Devonian,Period,Paleozoic,Paleozoic,Devonian,MiddleDevonian,419.62,358.86,#CB8C37
Carboniferous,Period,Paleozoic,Paleozoic,Carboniferous,UpperMississippian,358.86,298.9,#67A599
Permian,Period,Paleozoic,Paleozoic,Permian,Cisuralian,298.9,251.902,#F04028
Triassic,Period,Mesozoic,Mesozoic,Triassic,UpperTriassic,251.902,201.4,#812B92
Jurassic,Period,Mesozoic,Mesozoic,Jurassic,MiddleJurassic,201.4,143.1,#34B2C9
Cretaceous,Period,Mesozoic,Mesozoic,Cretaceous,LowerCretaceous,143.1,66.0,#7FC64E
Paleogene,Period,Cenozoic,Cenozoic,Paleogene,Eocene,66.0,23.04,#FD9A52
Neogene,Period,Cenozoic,Cenozoic,Neogene,Miocene,23.04,2.58,#FFE619
Quaternary,Period,Cenozoic,Cenozoic,Quaternary,Pleistocene,2.58,0.0,#F9F97F
Terreneuvian,Epoch,Cambrian,Paleozoic,Cambrian,Terreneuvian,538.8,521.0,#8CB06C
Series 2,Epoch,Cambrian,Paleozoic,Cambrian,Series 2,521.0,506.5,#99C078
Miaolingian,Epoch,Cambrian,Paleozoic,Cambrian,Miaolingian,506.5,497.0,#A6CF86
Furongian,Epoch,Cambrian,Paleozoic,Cambrian,Furongian,497.0,486.85,#B3E095
LowerOrdovician,Epoch,Ordovician,Paleozoic,Ordovician,LowerOrdovician,486.85,471.3,#1A9D6F
MiddleOrdovician,Epoch,Ordovician,Paleozoic,Ordovician,MiddleOrdovician,471.3,458.2,#4DB47E
UpperOrdovician,Epoch,Ordovician,Paleozoic,Ordovician,UpperOrdovician,458.2,443.1,#7FCA93
Llandovery,Epoch,Silurian,Paleozoic,Silurian,Llandovery,443.1,432.9,#99D7B3
Wenlock,Epoch,Silurian,Paleozoic,Silurian,Wenlock,432.9,426.7,#B3E1C2
Ludlow,Epoch,Silurian,Paleozoic,Silurian,Ludlow,426.7,419.62,#BFE6CF
LowerDevonian,Epoch,Devonian,Paleozoic,Devonian,LowerDevonian,419.62,393.47,#E5AC4D
MiddleDevonian,Epoch,Devonian,Paleozoic,Devonian,MiddleDevonian,393.47,382.31,#F1C868
UpperDevonian,Epoch,Devonian,Paleozoic,Devonian,UpperDevonian,382.31,358.86,#F1E19D
LowerMississippian,Epoch,Mississippian,Paleozoic,Carboniferous,LowerMississippian,358.86,346.7,#80AB6C
MiddleMississippian,Epoch,Mississippian,Paleozoic,Carboniferous,MiddleMississippian,346.7,330.3,#99B46C
UpperMississippian,Epoch,Mississippian,Paleozoic,Carboniferous,UpperMississippian,330.3,323.4,#B3BE6C
LowerPennsylvanian,Epoch,Pennsylvanian,Paleozoic,Carboniferous,LowerPennsylvanian,323.4,315.2,#8CBEB4
MiddlePennsylvanian,Epoch,Pennsylvanian,Paleozoic,Carboniferous,MiddlePennsylvanian,315.2,307.0,#A6C7B7
UpperPennsylvanian,Epoch,Pennsylvanian,Paleozoic,Carboniferous,UpperPennsylvanian,307.0,298.9,#BFD0BA
Cisuralian,Epoch,Permian,Paleozoic,Permian,Cisuralian,298.9,274.4,#EF5845
Guadalupian,Epoch,Permian,Paleozoic,Permian,Guadalupian,274.4,259.857,#FB745C
Lopingian,Epoch,Permian,Paleozoic,Permian,Lopingian,259.857,251.902,#FBA794
LowerTriassic,Epoch,Triassic,Mesozoic,Triassic,LowerTriassic,251.902,247.0,#983999
MiddleTriassic,Epoch,Triassic,Mesozoic,Triassic,MiddleTriassic,247.0,237.0,#B168B1
UpperTriassic,Epoch,Triassic,Mesozoic,Triassic,UpperTriassic,237.0,201.4,#BD8CC3
LowerJurassic,Epoch,Jurassic,Mesozoic,Jurassic,LowerJurassic,201.4,174.7,#42AED0
MiddleJurassic,Epoch,Jurassic,Mesozoic,Jurassic,MiddleJurassic,174.7,161.5,#80CFD8
UpperJurassic,Epoch,Jurassic,Mesozoic,Jurassic,UpperJurassic,161.5,143.1,#B3E3EE
LowerCretaceous,Epoch,Cretaceous,Mesozoic,Cretaceous,LowerCretaceous,143.1,100.5,#8CCD57
UpperCretaceous,Epoch,Cretaceous,Mesozoic,Cretaceous,UpperCretaceous,100.5,66.0,#A6D84A
Paleocene,Epoch,Paleogene,Cenozoic,Paleogene,Paleocene,66.0,56.0,#FDA75F
Eocene,Epoch,Paleogene,Cenozoic,Paleogene,Eocene,56.0,33.9,#FDB46C
Oligocene,Epoch,Paleogene,Cenozoic,Paleogene,Oligocene,33.9,23.04,#FEC07A
Miocene,Epoch,Neogene,Cenozoic,Neogene,Miocene,23.04,5.333,#FFFF00
Pliocene,Epoch,Neogene,Cenozoic,Neogene,Pliocene,5.333,2.58,#FFFF99
Pleistocene,Epoch,Quaternary,Cenozoic,Quaternary,Pleistocene,2.58,0.0117,#FFEFAF
Holocene,Epoch,Quaternary,Cenozoic,Quaternary,Holocene,0.0117,0.0,#FEEBD2
Fortunian,Age,Terreneuvian,Paleozoic,Cambrian,Terreneuvian,538.8,529.0,#99B575
Stage 2,Age,Terreneuvian,Paleozoic,Cambrian,Terreneuvian,529.0,521.0,#A6BA80
Stage 3,Age,CambrianSeries2,Paleozoic,Cambrian,Series 2,521.0,514.5,#A6C583
Stage 4,Age,CambrianSeries2,Paleozoic,Cambrian,Series 2,514.5,506.5,#B3CA8E
Wuliuan,Age,Miaolingian,Paleozoic,Cambrian,Miaolingian,506.5,504.5,#B3D492
Drumian,Age,Miaolingian,Paleozoic,Cambrian,Miaolingian,504.5,500.5,#BFD99D
Guzhangian,Age,Miaolingian,Paleozoic,Cambrian,Miaolingian,500.5,497.0,#CCDFAA
Paibian,Age,Furongian,Paleozoic,Cambrian,Furongian,497.0,494.2,#CCEBAE
Jiangshanian,Age,Furongian,Paleozoic,Cambrian,Furongian,494.2,491.0,#D9F0BB
Stage 10,Age,Furongian,Paleozoic,Cambrian,Furongian,491.0,486.85,#E6F5C9
Tremadocian,Age,LowerOrdovician,Paleozoic,Ordovician,LowerOrdovician,486.85,477.1,#33A97E
Floian,Age,LowerOrdovician,Paleozoic,Ordovician,LowerOrdovician,477.1,471.3,#41B087
Dapingian,Age,MiddleOrdovician,Paleozoic,Ordovician,MiddleOrdovician,471.3,469.4,#66C092
Darriwilian,Age,MiddleOrdovician,Paleozoic,Ordovician,MiddleOrdovician,469.4,458.2,#74C69C
Sandbian,Age,UpperOrdovician,Paleozoic,Ordovician,UpperOrdovician,458.2,452.8,#8CD094
Katian,Age,UpperOrdovician,Paleozoic,Ordovician,UpperOrdovician,452.8,445.2,#99D69F
Hirnantian,Age,UpperOrdovician,Paleozoic,Ordovician,UpperOrdovician,445.2,443.1,#A6DBAB
Rhuddanian,Age,Llandovery,Paleozoic,Silurian,Llandovery,443.1,440.5,#A6DCB5
Aeronian,Age,Llandovery,Paleozoic,Silurian,Llandovery,440.5,438.6,#B3E1C2
Telychian,Age,Llandovery,Paleozoic,Silurian,Llandovery,438.6,432.9,#BFE6CF
Sheinwoodian,Age,Wenlock,Paleozoic,Silurian,Wenlock,432.9,430.6,#BFE6C3
Homerian,Age,Wenlock,Paleozoic,Silurian,Wenlock,430.6,426.7,#CCEBD1
Gorstian,Age,Ludlow,Paleozoic,Silurian,Ludlow,426.7,425.0,#CCECDD
Ludfordian,Age,Ludlow,Paleozoic,Silurian,Ludlow,425.0,422.7,#D9F0DF
Pridoli,Age,Silurian,Paleozoic,Silurian,Ludlow,422.7,419.62,#E6F5E1
Lochkovian,Age,LowerDevonian,Paleozoic,Devonian,LowerDevonian,419.62,413.02,#E5B75A
Pragian,Age,LowerDevonian,Paleozoic,Devonian,LowerDevonian,413.02,410.62,#E5C468
Emsian,Age,LowerDevonian,Paleozoic,Devonian,LowerDevonian,410.62,393.47,#E5D075
Eifelian,Age,MiddleDevonian,Paleozoic,Devonian,MiddleDevonian,393.47,387.95,#F1D576
Givetian,Age,MiddleDevonian,Paleozoic,Devonian,MiddleDevonian,387.95,382.31,#F1E185
Frasnian,Age,UpperDevonian,Paleozoic,Devonian,UpperDevonian,382.31,372.15,#F2EDAD
Famennian,Age,UpperDevonian,Paleozoic,Devonian,UpperDevonian,372.15,358.86,#F2EDB3
Tournaisian,Age,LowerMississippian,Paleozoic,Carboniferous,LowerMississippian,358.86,346.7,#8CB06C
Visean,Age,MiddleMississippian,Paleozoic,Carboniferous,MiddleMississippian,346.7,330.3,#A6B96C
Serpukhovian,Age,UpperMississippian,Paleozoic,Carboniferous,UpperMississippian,330.3,323.4,#BFC26B
Bashkirian,Age,LowerPennsylvanian,Paleozoic,Carboniferous,LowerPennsylvanian,323.4,315.2,#99C2B5
Moscovian,Age,MiddlePennsylvanian,Paleozoic,Carboniferous,MiddlePennsylvanian,315.2,307.0,#B3CBB9
Kasimovian,Age,UpperPennsylvanian,Paleozoic,Carboniferous,UpperPennsylvanian,307.0,303.7,#BFD0C5
Gzhelian,Age,UpperPennsylvanian,Paleozoic,Carboniferous,UpperPennsylvanian,303.7,298.9,#CCD4C7
Asselian,Age,Cisuralian,Paleozoic,Permian,Cisuralian,298.9,293.52,#E36350
Sakmarian,Age,Cisuralian,Paleozoic,Permian,Cisuralian,293.52,290.1,#E36F5C
Artinskian,Age,Cisuralian,Paleozoic,Permian,Cisuralian,290.1,283.3,#E37B68
Kungurian,Age,Cisuralian,Paleozoic,Permian,Cisuralian,283.3,274.4,#E38776
Roadian,Age,Guadalupian,Paleozoic,Permian,Guadalupian,274.4,266.9,#FB8069
Wordian,Age,Guadalupian,Paleozoic,Permian,Guadalupian,266.9,264.28,#FB8D76
Capitanian,Age,Guadalupian,Paleozoic,Permian,Guadalupian,264.28,259.857,#FB9A85
Wuchiapingian,Age,Lopingian,Paleozoic,Permian,Lopingian,259.857,254.14,#FCB4A2
Changhsingian,Age,Lopingian,Paleozoic,Permian,Lopingian,254.14,251.902,#FCC0B2
Induan,Age,LowerTriassic,Mesozoic,Triassic,LowerTriassic,251.902,250.8,#A4469F
Olenekian,Age,LowerTriassic,Mesozoic,Triassic,LowerTriassic,250.8,247.0,#B051A5
Anisian,Age,MiddleTriassic,Mesozoic,Triassic,MiddleTriassic,247.0,241.464,#BC75B7
Ladinian,Age,MiddleTriassic,Mesozoic,Triassic,MiddleTriassic,241.464,237.0,#C983BF
Carnian,Age,UpperTriassic,Mesozoic,Triassic,UpperTriassic,237.0,227.3,#C99BCB
Norian,Age,UpperTriassic,Mesozoic,Triassic,UpperTriassic,227.3,205.7,#D6AAD3
Rhaetian,Age,UpperTriassic,Mesozoic,Triassic,UpperTriassic,205.7,201.4,#E3B9DB
Hettangian,Age,LowerJurassic,Mesozoic,Jurassic,LowerJurassic,201.4,199.5,#4EB3D3
Sinemurian,Age,LowerJurassic,Mesozoic,Jurassic,LowerJurassic,199.5,192.9,#67BCD8
Pliensbachian,Age,LowerJurassic,Mesozoic,Jurassic,LowerJurassic,192.9,184.2,#80C5DD
Toarcian,Age,LowerJurassic,Mesozoic,Jurassic,LowerJurassic,184.2,174.7,#99CEE3
Aalenian,Age,MiddleJurassic,Mesozoic,Jurassic,MiddleJurassic,174.7,170.9,#9AD9DD
Bajocian,Age,MiddleJurassic,Mesozoic,Jurassic,MiddleJurassic,170.9,168.2,#A6DDE0
Bathonian,Age,MiddleJurassic,Mesozoic,Jurassic,MiddleJurassic,168.2,165.3,#B3E2E3
Callovian,Age,MiddleJurassic,Mesozoic,Jurassic,MiddleJurassic,165.3,161.5,#BFE7E5
Oxfordian,Age,UpperJurassic,Mesozoic,Jurassic,UpperJurassic,161.5,154.8,#BFE7F1
Kimmeridgian,Age,UpperJurassic,Mesozoic,Jurassic,UpperJurassic,154.8,149.2,#CCECF4
Tithonian,Age,UpperJurassic,Mesozoic,Jurassic,UpperJurassic,149.2,143.1,#D9F1F7
Berriasian,Age,LowerCretaceous,Mesozoic,Cretaceous,LowerCretaceous,143.1,137.05,#8CCD60
Valanginian,Age,LowerCretaceous,Mesozoic,Cretaceous,LowerCretaceous,137.05,132.6,#99D36A
Hauterivian,Age,LowerCretaceous,Mesozoic,Cretaceous,LowerCretaceous,132.6,125.77,#A6D975
Barremian,Age,LowerCretaceous,Mesozoic,Cretaceous,LowerCretaceous,125.77,121.4,#B3DF7F
Aptian,Age,LowerCretaceous,Mesozoic,Cretaceous,LowerCretaceous,121.4,113.2,#BFE48A
Albian,Age,LowerCretaceous,Mesozoic,Cretaceous,LowerCretaceous,113.2,100.5,#CCEA97
Cenomanian,Age,UpperCretaceous,Mesozoic,Cretaceous,UpperCretaceous,100.5,93.9,#B3DE53
Turonian,Age,UpperCretaceous,Mesozoic,Cretaceous,UpperCretaceous,93.9,89.8,#BFE35D
Coniacian,Age,UpperCretaceous,Mesozoic,Cretaceous,UpperCretaceous,89.8,85.7,#CCE968
Santonian,Age,UpperCretaceous,Mesozoic,Cretaceous,UpperCretaceous,85.7,83.6,#D9EF74
Campanian,Age,UpperCretaceous,Mesozoic,Cretaceous,UpperCretaceous,83.6,72.2,#E6F47F
Maastrichtian,Age,UpperCretaceous,Mesozoic,Cretaceous,UpperCretaceous,72.2,66.0,#F2FA8C
Danian,Age,Paleocene,Cenozoic,Paleogene,Paleocene,66.0,61.66,#FDB462
Selandian,Age,Paleocene,Cenozoic,Paleogene,Paleocene,61.66,59.24,#FEBF65
Thanetian,Age,Paleocene,Cenozoic,Paleogene,Paleocene,59.24,56.0,#FDBF6F
Ypresian,Age,Eocene,Cenozoic,Paleogene,Eocene,56.0,48.07,#FCA773
Lutetian,Age,Eocene,Cenozoic,Paleogene,Eocene,48.07,41.03,#FDB482
Bartonian,Age,Eocene,Cenozoic,Paleogene,Eocene,41.03,37.71,#FDC091
Priabonian,Age,Eocene,Cenozoic,Paleogene,Eocene,37.71,33.9,#FDCDA1
Rupelian,Age,Oligocene,Cenozoic,Paleogene,Oligocene,33.9,27.3,#FED99A
Chattian,Age,Oligocene,Cenozoic,Paleogene,Oligocene,27.3,23.04,#FEE6AA
Aquitanian,Age,Miocene,Cenozoic,Neogene,Miocene,23.03,20.45,#FFFF33
Burdigalian,Age,Miocene,Cenozoic,Neogene,Miocene,20.45,15.98,#FFFF41
Langhian,Age,Miocene,Cenozoic,Neogene,Miocene,15.98,13.82,#FFFF4D
Serravallian,Age,Miocene,Cenozoic,Neogene,Miocene,13.82,11.63,#FFFF59
Tortonian,Age,Miocene,Cenozoic,Neogene,Miocene,11.63,7.246,#FFFF66
Messinian,Age,Miocene,Cenozoic,Neogene,Miocene,7.246,5.333,#FFFF73
Zanclean,Age,Pliocene,Cenozoic,Neogene,Pliocene,5.333,3.6,#FFFFB3
Piacenzian,Age,Pliocene,Cenozoic,Neogene,Pliocene,3.6,2.58,#FFFFBF
Gelasian,Age,Pleistocene,Cenozoic,Quaternary,Pleistocene,2.58,1.8,#FFEDB3
Calabrian,Age,Pleistocene,Cenozoic,Quaternary,Pleistocene,1.8,0.774,#FFF2BA
Chibanian,Age,Pleistocene,Cenozoic,Quaternary,Pleistocene,0.774,0.129,#FFF2C7
UpperPleistocene,Age,Pleistocene,Cenozoic,Quaternary,Pleistocene,0.129,0.0117,#FFF2D3
Greenlandian,Age,Holocene,Cenozoic,Quaternary,Holocene,0.0117,0.0082,#FEECDB
Northgrippian,Age,Holocene,Cenozoic,Quaternary,Holocene,0.0082,0.0042,#FDECE4
Meghalayan,Age,Holocene,Cenozoic,Quaternary,Holocene,0.0042,0.0,#FDEDEC
