series,period,era,older_ma,younger_ma,snapshot_age_ma,visual_title,snapshot_label,globe_summary
Terreneuvian,Cambrian,Paleozoic,538.8,521.0,530,Earth at 530 Ma,Terreneuvian · 530 Ma,This 530 Ma reconstruction represents the Terreneuvian of the Cambrian. Most land lay in the Southern Hemisphere while broad shallow seas covered continental margins.
Series 2,Cambrian,Paleozoic,521.0,506.5,510,Earth at 510 Ma,Series 2 · 510 Ma,This 510 Ma reconstruction represents the Series 2 of the Cambrian. Most land lay in the Southern Hemisphere while broad shallow seas covered continental margins.
Miaolingian,Cambrian,Paleozoic,506.5,497.0,500,Earth at 500 Ma,Miaolingian · 500 Ma,This 500 Ma reconstruction represents the Miaolingian of the Cambrian. Most land lay in the Southern Hemisphere while broad shallow seas covered continental margins.
Furongian,Cambrian,Paleozoic,497.0,486.85,490,Earth at 490 Ma,Furongian · 490 Ma,This 490 Ma reconstruction represents the Furongian of the Cambrian. Most land lay in the Southern Hemisphere while broad shallow seas covered continental margins.
LowerOrdovician,Ordovician,Paleozoic,486.85,471.3,480,Earth at 480 Ma,LowerOrdovician · 480 Ma,"This 480 Ma reconstruction represents the LowerOrdovician of the Ordovician. Continents remained widely separated, creating extensive coastlines and shallow marine habitats."
MiddleOrdovician,Ordovician,Paleozoic,471.3,458.2,460,Earth at 460 Ma,MiddleOrdovician · 460 Ma,"This 460 Ma reconstruction represents the MiddleOrdovician of the Ordovician. Continents remained widely separated, creating extensive coastlines and shallow marine habitats."
UpperOrdovician,Ordovician,Paleozoic,458.2,443.1,450,Earth at 450 Ma,UpperOrdovician · 450 Ma,"This 450 Ma reconstruction represents the UpperOrdovician of the Ordovician. Continents remained widely separated, creating extensive coastlines and shallow marine habitats."
Llandovery,Silurian,Paleozoic,443.1,432.9,440,Earth at 440 Ma,Llandovery · 440 Ma,"This 440 Ma reconstruction represents the Llandovery of the Silurian. After Gondwana's glaciation eased, rising seas again spread across many continental interiors."
Wenlock,Silurian,Paleozoic,432.9,426.7,430,Earth at 430 Ma,Wenlock · 430 Ma,"This 430 Ma reconstruction represents the Wenlock of the Silurian. After Gondwana's glaciation eased, rising seas again spread across many continental interiors."
Ludlow,Silurian,Paleozoic,426.7,419.62,420,Earth at 420 Ma,Ludlow · 420 Ma,"This 420 Ma reconstruction represents the Ludlow of the Silurian. After Gondwana's glaciation eased, rising seas again spread across many continental interiors."
LowerDevonian,Devonian,Paleozoic,419.62,393.47,410,Earth at 410 Ma,LowerDevonian · 410 Ma,This 410 Ma reconstruction represents the LowerDevonian of the Devonian. Euramerica straddled the equator while Gondwana dominated the Southern Hemisphere.
MiddleDevonian,Devonian,Paleozoic,393.47,382.31,390,Earth at 390 Ma,MiddleDevonian · 390 Ma,This 390 Ma reconstruction represents the MiddleDevonian of the Devonian. Euramerica straddled the equator while Gondwana dominated the Southern Hemisphere.
UpperDevonian,Devonian,Paleozoic,382.31,358.86,370,Earth at 370 Ma,UpperDevonian · 370 Ma,This 370 Ma reconstruction represents the UpperDevonian of the Devonian. Euramerica straddled the equator while Gondwana dominated the Southern Hemisphere.
LowerMississippian,Carboniferous,Paleozoic,358.86,346.7,350,Earth at 350 Ma,LowerMississippian · 350 Ma,This 350 Ma reconstruction represents the LowerMississippian of the Carboniferous. Euramerica and Gondwana converged as tropical wetlands spread across the equatorial belt.
MiddleMississippian,Carboniferous,Paleozoic,346.7,330.3,340,Earth at 340 Ma,MiddleMississippian · 340 Ma,This 340 Ma reconstruction represents the MiddleMississippian of the Carboniferous. Euramerica and Gondwana converged as tropical wetlands spread across the equatorial belt.
UpperMississippian,Carboniferous,Paleozoic,330.3,323.4,330,Earth at 330 Ma,UpperMississippian · 330 Ma,This 330 Ma reconstruction represents the UpperMississippian of the Carboniferous. Euramerica and Gondwana converged as tropical wetlands spread across the equatorial belt.
LowerPennsylvanian,Carboniferous,Paleozoic,323.4,315.2,320,Earth at 320 Ma,LowerPennsylvanian · 320 Ma,This 320 Ma reconstruction represents the LowerPennsylvanian of the Carboniferous. Euramerica and Gondwana converged as tropical wetlands spread across the equatorial belt.
MiddlePennsylvanian,Carboniferous,Paleozoic,315.2,307.0,310,Earth at 310 Ma,MiddlePennsylvanian · 310 Ma,This 310 Ma reconstruction represents the MiddlePennsylvanian of the Carboniferous. Euramerica and Gondwana converged as tropical wetlands spread across the equatorial belt.
UpperPennsylvanian,Carboniferous,Paleozoic,307.0,298.9,300,Earth at 300 Ma,UpperPennsylvanian · 300 Ma,This 300 Ma reconstruction represents the UpperPennsylvanian of the Carboniferous. Euramerica and Gondwana converged as tropical wetlands spread across the equatorial belt.
Cisuralian,Permian,Paleozoic,298.9,274.4,290,Earth at 290 Ma,Cisuralian · 290 Ma,"This 290 Ma reconstruction represents the Cisuralian of the Permian. The continents assembled into Pangaea, producing an immense dry interior surrounded by Panthalassa."
Guadalupian,Permian,Paleozoic,274.4,259.857,270,Earth at 270 Ma,Guadalupian · 270 Ma,"This 270 Ma reconstruction represents the Guadalupian of the Permian. The continents assembled into Pangaea, producing an immense dry interior surrounded by Panthalassa."
Lopingian,Permian,Paleozoic,259.857,251.902,260,Earth at 260 Ma,Lopingian · 260 Ma,"This 260 Ma reconstruction represents the Lopingian of the Permian. The continents assembled into Pangaea, producing an immense dry interior surrounded by Panthalassa."
LowerTriassic,Triassic,Mesozoic,251.902,247.0,250,Earth at 250 Ma,LowerTriassic · 250 Ma,"This 250 Ma reconstruction represents the LowerTriassic of the Triassic. Pangaea still joined most land into one immense continent. The broad Panthalassic Ocean surrounded it, while the Tethys opened along its eastern margin."
MiddleTriassic,Triassic,Mesozoic,247.0,237.0,240,Earth at 240 Ma,MiddleTriassic · 240 Ma,"This 240 Ma reconstruction represents the MiddleTriassic of the Triassic. Pangaea still joined most land into one immense continent. The broad Panthalassic Ocean surrounded it, while the Tethys opened along its eastern margin."
UpperTriassic,Triassic,Mesozoic,237.0,201.4,220,Earth at 220 Ma,UpperTriassic · 220 Ma,"This 220 Ma reconstruction represents the UpperTriassic of the Triassic. Pangaea still joined most land into one immense continent. The broad Panthalassic Ocean surrounded it, while the Tethys opened along its eastern margin."
LowerJurassic,Jurassic,Mesozoic,201.4,174.7,190,Earth at 190 Ma,LowerJurassic · 190 Ma,"This 190 Ma reconstruction represents the LowerJurassic of the Jurassic. Pangaea began to split, opening young ocean basins between separating continental blocks."
MiddleJurassic,Jurassic,Mesozoic,174.7,161.5,170,Earth at 170 Ma,MiddleJurassic · 170 Ma,"This 170 Ma reconstruction represents the MiddleJurassic of the Jurassic. Pangaea began to split, opening young ocean basins between separating continental blocks."
UpperJurassic,Jurassic,Mesozoic,161.5,143.1,150,Earth at 150 Ma,UpperJurassic · 150 Ma,"This 150 Ma reconstruction represents the UpperJurassic of the Jurassic. Pangaea began to split, opening young ocean basins between separating continental blocks."
LowerCretaceous,Cretaceous,Mesozoic,143.1,100.5,120,Earth at 120 Ma,LowerCretaceous · 120 Ma,This 120 Ma reconstruction represents the LowerCretaceous of the Cretaceous. The Atlantic widened and high sea levels flooded large areas of the continents.
UpperCretaceous,Cretaceous,Mesozoic,100.5,66.0,80,Earth at 80 Ma,UpperCretaceous · 80 Ma,This 80 Ma reconstruction represents the UpperCretaceous of the Cretaceous. The Atlantic widened and high sea levels flooded large areas of the continents.
Paleocene,Paleogene,Cenozoic,66.0,56.0,60,Earth at 60 Ma,Paleocene · 60 Ma,This 60 Ma reconstruction represents the Paleocene of the Paleogene. The continents approached familiar positions as India moved rapidly toward Asia.
Eocene,Paleogene,Cenozoic,56.0,33.9,40,Earth at 40 Ma,Eocene · 40 Ma,This 40 Ma reconstruction represents the Eocene of the Paleogene. The continents approached familiar positions as India moved rapidly toward Asia.
Oligocene,Paleogene,Cenozoic,33.9,23.04,30,Earth at 30 Ma,Oligocene · 30 Ma,This 30 Ma reconstruction represents the Oligocene of the Paleogene. The continents approached familiar positions as India moved rapidly toward Asia.
Miocene,Neogene,Cenozoic,23.04,5.333,10,Earth at 10 Ma,Miocene · 10 Ma,This 10 Ma reconstruction represents the Miocene of the Neogene. Modern ocean gateways and mountain belts took shape while global climates cooled.
Pliocene,Neogene,Cenozoic,5.333,2.58,0,Earth at 0 Ma,Pliocene · 0 Ma,This 0 Ma reconstruction represents the Pliocene of the Neogene. Modern ocean gateways and mountain belts took shape while global climates cooled.
Pleistocene,Quaternary,Cenozoic,2.58,0.0117,0,Earth at 0 Ma,Pleistocene · 0 Ma,This 0 Ma reconstruction represents the Pleistocene of the Quaternary. The continents reached their modern arrangement as repeated ice ages reshaped coastlines.
Holocene,Quaternary,Cenozoic,0.0117,0.0,0,Earth at 0 Ma,Holocene · 0 Ma,This 0 Ma reconstruction represents the Holocene of the Quaternary. The continents reached their modern arrangement as repeated ice ages reshaped coastlines.
