period,era,older_ma,younger_ma,scientific_name,common_name,occurrence_count,share_selected_groups,retrieved,query_url
Cambrian,Paleozoic,538.8,485.4,Trilobita,Trilobites,17354,0.7783808028705987,2026-09-30,https://paleobiodb.org/data1.2/occs/list.json?base_name=Trilobita&interval=Cambrian&timerule=major&envtype=marine&rowcount=&limit=1
Cambrian,Paleozoic,538.8,485.4,Brachiopoda,Brachiopods,4696,0.21063018614039022,2026-09-30,https://paleobiodb.org/data1.2/occs/list.json?base_name=Brachiopoda&interval=Cambrian&timerule=major&envtype=marine&rowcount=&limit=1
Cambrian,Paleozoic,538.8,485.4,Bryozoa,Bryozoans,10,0.00044853106077595876,2026-09-30,https://paleobiodb.org/data1.2/occs/list.json?base_name=Bryozoa&interval=Cambrian&timerule=major&envtype=marine&rowcount=&limit=1
Cambrian,Paleozoic,538.8,485.4,Anthozoa,Corals & anemones,23,0.001031621439784705,2026-09-30,https://paleobiodb.org/data1.2/occs/list.json?base_name=Anthozoa&interval=Cambrian&timerule=major&envtype=marine&rowcount=&limit=1
Cambrian,Paleozoic,538.8,485.4,Crinoidea,Crinoids,16,0.0007176496972415339,2026-09-30,https://paleobiodb.org/data1.2/occs/list.json?base_name=Crinoidea&interval=Cambrian&timerule=major&envtype=marine&rowcount=&limit=1
Cambrian,Paleozoic,538.8,485.4,Bivalvia,Bivalves,104,0.004664723032069971,2026-09-30,https://paleobiodb.org/data1.2/occs/list.json?base_name=Bivalvia&interval=Cambrian&timerule=major&envtype=marine&rowcount=&limit=1
Cambrian,Paleozoic,538.8,485.4,Gastropoda,Gastropods,92,0.00412648575913882,2026-09-30,https://paleobiodb.org/data1.2/occs/list.json?base_name=Gastropoda&interval=Cambrian&timerule=major&envtype=marine&rowcount=&limit=1
Cambrian,Paleozoic,538.8,485.4,Ammonoidea,Ammonoids,0,0.0,2026-09-30,https://paleobiodb.org/data1.2/occs/list.json?base_name=Ammonoidea&interval=Cambrian&timerule=major&envtype=marine&rowcount=&limit=1
Cambrian,Paleozoic,538.8,485.4,Echinoidea,Echinoids,0,0.0,2026-09-30,https://paleobiodb.org/data1.2/occs/list.json?base_name=Echinoidea&interval=Cambrian&timerule=major&envtype=marine&rowcount=&limit=1
Ordovician,Paleozoic,485.4,443.8,Trilobita,Trilobites,24899,0.30504508477898656,2026-09-30,https://paleobiodb.org/data1.2/occs/list.json?base_name=Trilobita&interval=Ordovician&timerule=major&envtype=marine&rowcount=&limit=1
Ordovician,Paleozoic,485.4,443.8,Brachiopoda,Brachiopods,32114,0.39343820444967165,2026-09-30,https://paleobiodb.org/data1.2/occs/list.json?base_name=Brachiopoda&interval=Ordovician&timerule=major&envtype=marine&rowcount=&limit=1
Ordovician,Paleozoic,485.4,443.8,Bryozoa,Bryozoans,7248,0.08879741252572773,2026-09-30,https://paleobiodb.org/data1.2/occs/list.json?base_name=Bryozoa&interval=Ordovician&timerule=major&envtype=marine&rowcount=&limit=1
Ordovician,Paleozoic,485.4,443.8,Anthozoa,Corals & anemones,3067,0.037574732921689696,2026-09-30,https://paleobiodb.org/data1.2/occs/list.json?base_name=Anthozoa&interval=Ordovician&timerule=major&envtype=marine&rowcount=&limit=1
Ordovician,Paleozoic,485.4,443.8,Crinoidea,Crinoids,2583,0.031645104381064396,2026-09-30,https://paleobiodb.org/data1.2/occs/list.json?base_name=Crinoidea&interval=Ordovician&timerule=major&envtype=marine&rowcount=&limit=1
Ordovician,Paleozoic,485.4,443.8,Bivalvia,Bivalves,3838,0.04702048417132216,2026-09-30,https://paleobiodb.org/data1.2/occs/list.json?base_name=Bivalvia&interval=Ordovician&timerule=major&envtype=marine&rowcount=&limit=1
Ordovician,Paleozoic,485.4,443.8,Gastropoda,Gastropods,7840,0.09605018131921984,2026-09-30,https://paleobiodb.org/data1.2/occs/list.json?base_name=Gastropoda&interval=Ordovician&timerule=major&envtype=marine&rowcount=&limit=1
Ordovician,Paleozoic,485.4,443.8,Ammonoidea,Ammonoids,0,0.0,2026-09-30,https://paleobiodb.org/data1.2/occs/list.json?base_name=Ammonoidea&interval=Ordovician&timerule=major&envtype=marine&rowcount=&limit=1
Ordovician,Paleozoic,485.4,443.8,Echinoidea,Echinoids,35,0.00042879545231794573,2026-09-30,https://paleobiodb.org/data1.2/occs/list.json?base_name=Echinoidea&interval=Ordovician&timerule=major&envtype=marine&rowcount=&limit=1
Silurian,Paleozoic,443.8,419.2,Trilobita,Trilobites,5084,0.12959139456042415,2026-09-30,https://paleobiodb.org/data1.2/occs/list.json?base_name=Trilobita&interval=Silurian&timerule=major&envtype=marine&rowcount=&limit=1
Silurian,Paleozoic,443.8,419.2,Brachiopoda,Brachiopods,19953,0.508602890571232,2026-09-30,https://paleobiodb.org/data1.2/occs/list.json?base_name=Brachiopoda&interval=Silurian&timerule=major&envtype=marine&rowcount=&limit=1
Silurian,Paleozoic,443.8,419.2,Bryozoa,Bryozoans,1497,0.038158599067064314,2026-09-30,https://paleobiodb.org/data1.2/occs/list.json?base_name=Bryozoa&interval=Silurian&timerule=major&envtype=marine&rowcount=&limit=1
Silurian,Paleozoic,443.8,419.2,Anthozoa,Corals & anemones,6336,0.1615049323239275,2026-09-30,https://paleobiodb.org/data1.2/occs/list.json?base_name=Anthozoa&interval=Silurian&timerule=major&envtype=marine&rowcount=&limit=1
Silurian,Paleozoic,443.8,419.2,Crinoidea,Crinoids,1723,0.04391934949402258,2026-09-30,https://paleobiodb.org/data1.2/occs/list.json?base_name=Crinoidea&interval=Silurian&timerule=major&envtype=marine&rowcount=&limit=1
Silurian,Paleozoic,443.8,419.2,Bivalvia,Bivalves,1990,0.05072519181259718,2026-09-30,https://paleobiodb.org/data1.2/occs/list.json?base_name=Bivalvia&interval=Silurian&timerule=major&envtype=marine&rowcount=&limit=1
Silurian,Paleozoic,443.8,419.2,Gastropoda,Gastropods,2626,0.06693686115571869,2026-09-30,https://paleobiodb.org/data1.2/occs/list.json?base_name=Gastropoda&interval=Silurian&timerule=major&envtype=marine&rowcount=&limit=1
Silurian,Paleozoic,443.8,419.2,Ammonoidea,Ammonoids,0,0.0,2026-09-30,https://paleobiodb.org/data1.2/occs/list.json?base_name=Ammonoidea&interval=Silurian&timerule=major&envtype=marine&rowcount=&limit=1
Silurian,Paleozoic,443.8,419.2,Echinoidea,Echinoids,22,0.0005607810150136371,2026-09-30,https://paleobiodb.org/data1.2/occs/list.json?base_name=Echinoidea&interval=Silurian&timerule=major&envtype=marine&rowcount=&limit=1
Devonian,Paleozoic,419.2,358.9,Trilobita,Trilobites,6267,0.09449923097801502,2026-09-30,https://paleobiodb.org/data1.2/occs/list.json?base_name=Trilobita&interval=Devonian&timerule=major&envtype=marine&rowcount=&limit=1
Devonian,Paleozoic,419.2,358.9,Brachiopoda,Brachiopods,30108,0.4539943906631684,2026-09-30,https://paleobiodb.org/data1.2/occs/list.json?base_name=Brachiopoda&interval=Devonian&timerule=major&envtype=marine&rowcount=&limit=1
Devonian,Paleozoic,419.2,358.9,Bryozoa,Bryozoans,2429,0.036626556892548026,2026-09-30,https://paleobiodb.org/data1.2/occs/list.json?base_name=Bryozoa&interval=Devonian&timerule=major&envtype=marine&rowcount=&limit=1
Devonian,Paleozoic,419.2,358.9,Anthozoa,Corals & anemones,10731,0.1618112729575681,2026-09-30,https://paleobiodb.org/data1.2/occs/list.json?base_name=Anthozoa&interval=Devonian&timerule=major&envtype=marine&rowcount=&limit=1
Devonian,Paleozoic,419.2,358.9,Crinoidea,Crinoids,2032,0.030640248499653185,2026-09-30,https://paleobiodb.org/data1.2/occs/list.json?base_name=Crinoidea&interval=Devonian&timerule=major&envtype=marine&rowcount=&limit=1
Devonian,Paleozoic,419.2,358.9,Bivalvia,Bivalves,6321,0.09531348955034832,2026-09-30,https://paleobiodb.org/data1.2/occs/list.json?base_name=Bivalvia&interval=Devonian&timerule=major&envtype=marine&rowcount=&limit=1
Devonian,Paleozoic,419.2,358.9,Gastropoda,Gastropods,4502,0.0678850387526765,2026-09-30,https://paleobiodb.org/data1.2/occs/list.json?base_name=Gastropoda&interval=Devonian&timerule=major&envtype=marine&rowcount=&limit=1
Devonian,Paleozoic,419.2,358.9,Ammonoidea,Ammonoids,3778,0.056967942338429986,2026-09-30,https://paleobiodb.org/data1.2/occs/list.json?base_name=Ammonoidea&interval=Devonian&timerule=major&envtype=marine&rowcount=&limit=1
Devonian,Paleozoic,419.2,358.9,Echinoidea,Echinoids,150,0.002261829367592509,2026-09-30,https://paleobiodb.org/data1.2/occs/list.json?base_name=Echinoidea&interval=Devonian&timerule=major&envtype=marine&rowcount=&limit=1
Carboniferous,Paleozoic,358.9,298.9,Trilobita,Trilobites,1501,0.03415089188205315,2026-09-30,https://paleobiodb.org/data1.2/occs/list.json?base_name=Trilobita&interval=Carboniferous&timerule=major&envtype=marine&rowcount=&limit=1
Carboniferous,Paleozoic,358.9,298.9,Brachiopoda,Brachiopods,15306,0.3482435384055333,2026-09-30,https://paleobiodb.org/data1.2/occs/list.json?base_name=Brachiopoda&interval=Carboniferous&timerule=major&envtype=marine&rowcount=&limit=1
Carboniferous,Paleozoic,358.9,298.9,Bryozoa,Bryozoans,3232,0.07353476519839826,2026-09-30,https://paleobiodb.org/data1.2/occs/list.json?base_name=Bryozoa&interval=Carboniferous&timerule=major&envtype=marine&rowcount=&limit=1
Carboniferous,Paleozoic,358.9,298.9,Anthozoa,Corals & anemones,4307,0.097993265380415,2026-09-30,https://paleobiodb.org/data1.2/occs/list.json?base_name=Anthozoa&interval=Carboniferous&timerule=major&envtype=marine&rowcount=&limit=1
Carboniferous,Paleozoic,358.9,298.9,Crinoidea,Crinoids,4111,0.09353385511467055,2026-09-30,https://paleobiodb.org/data1.2/occs/list.json?base_name=Crinoidea&interval=Carboniferous&timerule=major&envtype=marine&rowcount=&limit=1
Carboniferous,Paleozoic,358.9,298.9,Bivalvia,Bivalves,4365,0.09931288678558427,2026-09-30,https://paleobiodb.org/data1.2/occs/list.json?base_name=Bivalvia&interval=Carboniferous&timerule=major&envtype=marine&rowcount=&limit=1
Carboniferous,Paleozoic,358.9,298.9,Gastropoda,Gastropods,5840,0.1328722242446305,2026-09-30,https://paleobiodb.org/data1.2/occs/list.json?base_name=Gastropoda&interval=Carboniferous&timerule=major&envtype=marine&rowcount=&limit=1
Carboniferous,Paleozoic,358.9,298.9,Ammonoidea,Ammonoids,4949,0.11260010921004733,2026-09-30,https://paleobiodb.org/data1.2/occs/list.json?base_name=Ammonoidea&interval=Carboniferous&timerule=major&envtype=marine&rowcount=&limit=1
Carboniferous,Paleozoic,358.9,298.9,Echinoidea,Echinoids,341,0.0077584637786676375,2026-09-30,https://paleobiodb.org/data1.2/occs/list.json?base_name=Echinoidea&interval=Carboniferous&timerule=major&envtype=marine&rowcount=&limit=1
Permian,Paleozoic,298.9,251.902,Trilobita,Trilobites,524,0.005962540679547575,2026-09-30,https://paleobiodb.org/data1.2/occs/list.json?base_name=Trilobita&interval=Permian&timerule=major&envtype=marine&rowcount=&limit=1
Permian,Paleozoic,298.9,251.902,Brachiopoda,Brachiopods,52858,0.6014656016021483,2026-09-30,https://paleobiodb.org/data1.2/occs/list.json?base_name=Brachiopoda&interval=Permian&timerule=major&envtype=marine&rowcount=&limit=1
Permian,Paleozoic,298.9,251.902,Bryozoa,Bryozoans,7140,0.08124530620604901,2026-09-30,https://paleobiodb.org/data1.2/occs/list.json?base_name=Bryozoa&interval=Permian&timerule=major&envtype=marine&rowcount=&limit=1
Permian,Paleozoic,298.9,251.902,Anthozoa,Corals & anemones,4315,0.049099929450854556,2026-09-30,https://paleobiodb.org/data1.2/occs/list.json?base_name=Anthozoa&interval=Permian&timerule=major&envtype=marine&rowcount=&limit=1
Permian,Paleozoic,298.9,251.902,Crinoidea,Crinoids,1623,0.018467945654400218,2026-09-30,https://paleobiodb.org/data1.2/occs/list.json?base_name=Crinoidea&interval=Permian&timerule=major&envtype=marine&rowcount=&limit=1
Permian,Paleozoic,298.9,251.902,Bivalvia,Bivalves,9512,0.10823604378598575,2026-09-30,https://paleobiodb.org/data1.2/occs/list.json?base_name=Bivalvia&interval=Permian&timerule=major&envtype=marine&rowcount=&limit=1
Permian,Paleozoic,298.9,251.902,Gastropoda,Gastropods,6338,0.07211943287590178,2026-09-30,https://paleobiodb.org/data1.2/occs/list.json?base_name=Gastropoda&interval=Permian&timerule=major&envtype=marine&rowcount=&limit=1
Permian,Paleozoic,298.9,251.902,Ammonoidea,Ammonoids,5365,0.06104776859880294,2026-09-30,https://paleobiodb.org/data1.2/occs/list.json?base_name=Ammonoidea&interval=Permian&timerule=major&envtype=marine&rowcount=&limit=1
Permian,Paleozoic,298.9,251.902,Echinoidea,Echinoids,207,0.0023554311463098243,2026-09-30,https://paleobiodb.org/data1.2/occs/list.json?base_name=Echinoidea&interval=Permian&timerule=major&envtype=marine&rowcount=&limit=1
Triassic,Mesozoic,251.902,201.4,Trilobita,Trilobites,0,0.0,2026-09-30,https://paleobiodb.org/data1.2/occs/list.json?base_name=Trilobita&interval=Triassic&timerule=major&envtype=marine&rowcount=&limit=1
Triassic,Mesozoic,251.902,201.4,Brachiopoda,Brachiopods,7401,0.1367112457514408,2026-09-30,https://paleobiodb.org/data1.2/occs/list.json?base_name=Brachiopoda&interval=Triassic&timerule=major&envtype=marine&rowcount=&limit=1
Triassic,Mesozoic,251.902,201.4,Bryozoa,Bryozoans,243,0.004488695138170533,2026-09-30,https://paleobiodb.org/data1.2/occs/list.json?base_name=Bryozoa&interval=Triassic&timerule=major&envtype=marine&rowcount=&limit=1
Triassic,Mesozoic,251.902,201.4,Anthozoa,Corals & anemones,2563,0.047343726910004436,2026-09-30,https://paleobiodb.org/data1.2/occs/list.json?base_name=Anthozoa&interval=Triassic&timerule=major&envtype=marine&rowcount=&limit=1
Triassic,Mesozoic,251.902,201.4,Crinoidea,Crinoids,754,0.013927885325846018,2026-09-30,https://paleobiodb.org/data1.2/occs/list.json?base_name=Crinoidea&interval=Triassic&timerule=major&envtype=marine&rowcount=&limit=1
Triassic,Mesozoic,251.902,201.4,Bivalvia,Bivalves,17968,0.3319048322742722,2026-09-30,https://paleobiodb.org/data1.2/occs/list.json?base_name=Bivalvia&interval=Triassic&timerule=major&envtype=marine&rowcount=&limit=1
Triassic,Mesozoic,251.902,201.4,Gastropoda,Gastropods,5805,0.10722993941185163,2026-09-30,https://paleobiodb.org/data1.2/occs/list.json?base_name=Gastropoda&interval=Triassic&timerule=major&envtype=marine&rowcount=&limit=1
Triassic,Mesozoic,251.902,201.4,Ammonoidea,Ammonoids,18799,0.3472550613270282,2026-09-30,https://paleobiodb.org/data1.2/occs/list.json?base_name=Ammonoidea&interval=Triassic&timerule=major&envtype=marine&rowcount=&limit=1
Triassic,Mesozoic,251.902,201.4,Echinoidea,Echinoids,603,0.011138613861386138,2026-09-30,https://paleobiodb.org/data1.2/occs/list.json?base_name=Echinoidea&interval=Triassic&timerule=major&envtype=marine&rowcount=&limit=1
Jurassic,Mesozoic,201.4,145.0,Trilobita,Trilobites,0,0.0,2026-09-30,https://paleobiodb.org/data1.2/occs/list.json?base_name=Trilobita&interval=Jurassic&timerule=major&envtype=marine&rowcount=&limit=1
Jurassic,Mesozoic,201.4,145.0,Brachiopoda,Brachiopods,15058,0.15642887566096342,2026-09-30,https://paleobiodb.org/data1.2/occs/list.json?base_name=Brachiopoda&interval=Jurassic&timerule=major&envtype=marine&rowcount=&limit=1
Jurassic,Mesozoic,201.4,145.0,Bryozoa,Bryozoans,293,0.003043807980386657,2026-09-30,https://paleobiodb.org/data1.2/occs/list.json?base_name=Bryozoa&interval=Jurassic&timerule=major&envtype=marine&rowcount=&limit=1
Jurassic,Mesozoic,201.4,145.0,Anthozoa,Corals & anemones,7464,0.07753919032630037,2026-09-30,https://paleobiodb.org/data1.2/occs/list.json?base_name=Anthozoa&interval=Jurassic&timerule=major&envtype=marine&rowcount=&limit=1
Jurassic,Mesozoic,201.4,145.0,Crinoidea,Crinoids,800,0.008310738513001112,2026-09-30,https://paleobiodb.org/data1.2/occs/list.json?base_name=Crinoidea&interval=Jurassic&timerule=major&envtype=marine&rowcount=&limit=1
Jurassic,Mesozoic,201.4,145.0,Bivalvia,Bivalves,34226,0.35555417043247006,2026-09-30,https://paleobiodb.org/data1.2/occs/list.json?base_name=Bivalvia&interval=Jurassic&timerule=major&envtype=marine&rowcount=&limit=1
Jurassic,Mesozoic,201.4,145.0,Gastropoda,Gastropods,6269,0.06512502467250496,2026-09-30,https://paleobiodb.org/data1.2/occs/list.json?base_name=Gastropoda&interval=Jurassic&timerule=major&envtype=marine&rowcount=&limit=1
Jurassic,Mesozoic,201.4,145.0,Ammonoidea,Ammonoids,30726,0.3191946894380902,2026-09-30,https://paleobiodb.org/data1.2/occs/list.json?base_name=Ammonoidea&interval=Jurassic&timerule=major&envtype=marine&rowcount=&limit=1
Jurassic,Mesozoic,201.4,145.0,Echinoidea,Echinoids,1425,0.01480350297628323,2026-09-30,https://paleobiodb.org/data1.2/occs/list.json?base_name=Echinoidea&interval=Jurassic&timerule=major&envtype=marine&rowcount=&limit=1
Cretaceous,Mesozoic,145.0,66.0,Trilobita,Trilobites,0,0.0,2026-09-30,https://paleobiodb.org/data1.2/occs/list.json?base_name=Trilobita&interval=Cretaceous&timerule=major&envtype=marine&rowcount=&limit=1
Cretaceous,Mesozoic,145.0,66.0,Brachiopoda,Brachiopods,3453,0.034254593071703504,2026-09-30,https://paleobiodb.org/data1.2/occs/list.json?base_name=Brachiopoda&interval=Cretaceous&timerule=major&envtype=marine&rowcount=&limit=1
Cretaceous,Mesozoic,145.0,66.0,Bryozoa,Bryozoans,1637,0.016239434943057816,2026-09-30,https://paleobiodb.org/data1.2/occs/list.json?base_name=Bryozoa&interval=Cretaceous&timerule=major&envtype=marine&rowcount=&limit=1
Cretaceous,Mesozoic,145.0,66.0,Anthozoa,Corals & anemones,6029,0.059809134558152455,2026-09-30,https://paleobiodb.org/data1.2/occs/list.json?base_name=Anthozoa&interval=Cretaceous&timerule=major&envtype=marine&rowcount=&limit=1
Cretaceous,Mesozoic,145.0,66.0,Crinoidea,Crinoids,537,0.00532716955676362,2026-09-30,https://paleobiodb.org/data1.2/occs/list.json?base_name=Crinoidea&interval=Cretaceous&timerule=major&envtype=marine&rowcount=&limit=1
Cretaceous,Mesozoic,145.0,66.0,Bivalvia,Bivalves,39914,0.395956509662315,2026-09-30,https://paleobiodb.org/data1.2/occs/list.json?base_name=Bivalvia&interval=Cretaceous&timerule=major&envtype=marine&rowcount=&limit=1
Cretaceous,Mesozoic,145.0,66.0,Gastropoda,Gastropods,15312,0.1518987341772152,2026-09-30,https://paleobiodb.org/data1.2/occs/list.json?base_name=Gastropoda&interval=Cretaceous&timerule=major&envtype=marine&rowcount=&limit=1
Cretaceous,Mesozoic,145.0,66.0,Ammonoidea,Ammonoids,29495,0.29259751597158845,2026-09-30,https://paleobiodb.org/data1.2/occs/list.json?base_name=Ammonoidea&interval=Cretaceous&timerule=major&envtype=marine&rowcount=&limit=1
Cretaceous,Mesozoic,145.0,66.0,Echinoidea,Echinoids,4427,0.043916908059204,2026-09-30,https://paleobiodb.org/data1.2/occs/list.json?base_name=Echinoidea&interval=Cretaceous&timerule=major&envtype=marine&rowcount=&limit=1
Paleogene,Cenozoic,66.0,23.04,Trilobita,Trilobites,0,0.0,2026-09-30,https://paleobiodb.org/data1.2/occs/list.json?base_name=Trilobita&interval=Paleogene&timerule=major&envtype=marine&rowcount=&limit=1
Paleogene,Cenozoic,66.0,23.04,Brachiopoda,Brachiopods,1168,0.01428414191197153,2026-09-30,https://paleobiodb.org/data1.2/occs/list.json?base_name=Brachiopoda&interval=Paleogene&timerule=major&envtype=marine&rowcount=&limit=1
Paleogene,Cenozoic,66.0,23.04,Bryozoa,Bryozoans,2197,0.02686837309983001,2026-09-30,https://paleobiodb.org/data1.2/occs/list.json?base_name=Bryozoa&interval=Paleogene&timerule=major&envtype=marine&rowcount=&limit=1
Paleogene,Cenozoic,66.0,23.04,Anthozoa,Corals & anemones,5805,0.0709926744854407,2026-09-30,https://paleobiodb.org/data1.2/occs/list.json?base_name=Anthozoa&interval=Paleogene&timerule=major&envtype=marine&rowcount=&limit=1
Paleogene,Cenozoic,66.0,23.04,Crinoidea,Crinoids,159,0.001944502195208453,2026-09-30,https://paleobiodb.org/data1.2/occs/list.json?base_name=Crinoidea&interval=Paleogene&timerule=major&envtype=marine&rowcount=&limit=1
Paleogene,Cenozoic,66.0,23.04,Bivalvia,Bivalves,31009,0.3792268463598674,2026-09-30,https://paleobiodb.org/data1.2/occs/list.json?base_name=Bivalvia&interval=Paleogene&timerule=major&envtype=marine&rowcount=&limit=1
Paleogene,Cenozoic,66.0,23.04,Gastropoda,Gastropods,39726,0.4858320390367988,2026-09-30,https://paleobiodb.org/data1.2/occs/list.json?base_name=Gastropoda&interval=Paleogene&timerule=major&envtype=marine&rowcount=&limit=1
Paleogene,Cenozoic,66.0,23.04,Ammonoidea,Ammonoids,11,0.0001345253091024716,2026-09-30,https://paleobiodb.org/data1.2/occs/list.json?base_name=Ammonoidea&interval=Paleogene&timerule=major&envtype=marine&rowcount=&limit=1
Paleogene,Cenozoic,66.0,23.04,Echinoidea,Echinoids,1694,0.020716897601780627,2026-09-30,https://paleobiodb.org/data1.2/occs/list.json?base_name=Echinoidea&interval=Paleogene&timerule=major&envtype=marine&rowcount=&limit=1
Neogene,Cenozoic,23.04,2.58,Trilobita,Trilobites,0,0.0,2026-09-30,https://paleobiodb.org/data1.2/occs/list.json?base_name=Trilobita&interval=Neogene&timerule=major&envtype=marine&rowcount=&limit=1
Neogene,Cenozoic,23.04,2.58,Brachiopoda,Brachiopods,1231,0.012151423917871773,2026-09-30,https://paleobiodb.org/data1.2/occs/list.json?base_name=Brachiopoda&interval=Neogene&timerule=major&envtype=marine&rowcount=&limit=1
Neogene,Cenozoic,23.04,2.58,Bryozoa,Bryozoans,3685,0.03637530230492078,2026-09-30,https://paleobiodb.org/data1.2/occs/list.json?base_name=Bryozoa&interval=Neogene&timerule=major&envtype=marine&rowcount=&limit=1
Neogene,Cenozoic,23.04,2.58,Anthozoa,Corals & anemones,7818,0.0771728937367356,2026-09-30,https://paleobiodb.org/data1.2/occs/list.json?base_name=Anthozoa&interval=Neogene&timerule=major&envtype=marine&rowcount=&limit=1
Neogene,Cenozoic,23.04,2.58,Crinoidea,Crinoids,26,0.000256650708257243,2026-09-30,https://paleobiodb.org/data1.2/occs/list.json?base_name=Crinoidea&interval=Neogene&timerule=major&envtype=marine&rowcount=&limit=1
Neogene,Cenozoic,23.04,2.58,Bivalvia,Bivalves,37454,0.3697152164256453,2026-09-30,https://paleobiodb.org/data1.2/occs/list.json?base_name=Bivalvia&interval=Neogene&timerule=major&envtype=marine&rowcount=&limit=1
Neogene,Cenozoic,23.04,2.58,Gastropoda,Gastropods,49402,0.4876560880509353,2026-09-30,https://paleobiodb.org/data1.2/occs/list.json?base_name=Gastropoda&interval=Neogene&timerule=major&envtype=marine&rowcount=&limit=1
Neogene,Cenozoic,23.04,2.58,Ammonoidea,Ammonoids,0,0.0,2026-09-30,https://paleobiodb.org/data1.2/occs/list.json?base_name=Ammonoidea&interval=Neogene&timerule=major&envtype=marine&rowcount=&limit=1
Neogene,Cenozoic,23.04,2.58,Echinoidea,Echinoids,1689,0.016672424855633975,2026-09-30,https://paleobiodb.org/data1.2/occs/list.json?base_name=Echinoidea&interval=Neogene&timerule=major&envtype=marine&rowcount=&limit=1
Quaternary,Cenozoic,2.58,0.0,Trilobita,Trilobites,0,0.0,2026-09-30,https://paleobiodb.org/data1.2/occs/list.json?base_name=Trilobita&interval=Quaternary&timerule=major&envtype=marine&rowcount=&limit=1
Quaternary,Cenozoic,2.58,0.0,Brachiopoda,Brachiopods,593,0.011975201437831944,2026-09-30,https://paleobiodb.org/data1.2/occs/list.json?base_name=Brachiopoda&interval=Quaternary&timerule=major&envtype=marine&rowcount=&limit=1
Quaternary,Cenozoic,2.58,0.0,Bryozoa,Bryozoans,919,0.01855853308830954,2026-09-30,https://paleobiodb.org/data1.2/occs/list.json?base_name=Bryozoa&interval=Quaternary&timerule=major&envtype=marine&rowcount=&limit=1
Quaternary,Cenozoic,2.58,0.0,Anthozoa,Corals & anemones,9826,0.19842888588218663,2026-09-30,https://paleobiodb.org/data1.2/occs/list.json?base_name=Anthozoa&interval=Quaternary&timerule=major&envtype=marine&rowcount=&limit=1
Quaternary,Cenozoic,2.58,0.0,Crinoidea,Crinoids,3,6.058280659948707e-05,2026-09-30,https://paleobiodb.org/data1.2/occs/list.json?base_name=Crinoidea&interval=Quaternary&timerule=major&envtype=marine&rowcount=&limit=1
Quaternary,Cenozoic,2.58,0.0,Bivalvia,Bivalves,16446,0.33211494577838807,2026-09-30,https://paleobiodb.org/data1.2/occs/list.json?base_name=Bivalvia&interval=Quaternary&timerule=major&envtype=marine&rowcount=&limit=1
Quaternary,Cenozoic,2.58,0.0,Gastropoda,Gastropods,21208,0.4282800541206406,2026-09-30,https://paleobiodb.org/data1.2/occs/list.json?base_name=Gastropoda&interval=Quaternary&timerule=major&envtype=marine&rowcount=&limit=1
Quaternary,Cenozoic,2.58,0.0,Ammonoidea,Ammonoids,0,0.0,2026-09-30,https://paleobiodb.org/data1.2/occs/list.json?base_name=Ammonoidea&interval=Quaternary&timerule=major&envtype=marine&rowcount=&limit=1
Quaternary,Cenozoic,2.58,0.0,Echinoidea,Echinoids,524,0.010581796886043741,2026-09-30,https://paleobiodb.org/data1.2/occs/list.json?base_name=Echinoidea&interval=Quaternary&timerule=major&envtype=marine&rowcount=&limit=1
