period,era,older_ma,younger_ma,leader_scientific_name,leader_common_name,leader_count,selected_total,leader_share,leader_summary,period_summary
Cambrian,Paleozoic,538.8,485.4,Trilobita,Trilobites,17354,22295,0.778381,Trilobites lead these nine groups with 78% of selected records.,The early record is strongly shaped by the rapid diversification of mineralized skeletons during the Cambrian explosion.
Ordovician,Paleozoic,485.4,443.8,Brachiopoda,Brachiopods,32114,81624,0.393438,Brachiopods lead these nine groups with 39% of selected records.,Marine diversity expanded sharply during the Great Ordovician Biodiversification Event.
Silurian,Paleozoic,443.8,419.2,Brachiopoda,Brachiopods,19953,39231,0.508603,Brachiopods lead these nine groups with 51% of selected records.,"After the end-Ordovician extinction, reef and seafloor communities rebuilt in warmer seas."
Devonian,Paleozoic,419.2,358.9,Brachiopoda,Brachiopods,30108,66318,0.453994,Brachiopods lead these nine groups with 45% of selected records.,Complex reefs flourished while several familiar Paleozoic groups remained prominent.
Carboniferous,Paleozoic,358.9,298.9,Brachiopoda,Brachiopods,15306,43952,0.348244,Brachiopods lead these nine groups with 35% of selected records.,Shallow continental seas preserved extensive communities of shelled and stalked animals.
Permian,Paleozoic,298.9,251.902,Brachiopoda,Brachiopods,52858,87882,0.601466,Brachiopods lead these nine groups with 60% of selected records.,This is the final chapter of the classic Paleozoic fauna before the end-Permian mass extinction.
Triassic,Mesozoic,251.902,201.4,Ammonoidea,Ammonoids,18799,54136,0.347255,Ammonoids lead these nine groups with 35% of selected records.,Recovery after the largest mass extinction reset marine ecosystems and opened space for new lineages.
Jurassic,Mesozoic,201.4,145.0,Bivalvia,Bivalves,34226,96261,0.355554,Bivalves lead these nine groups with 36% of selected records.,Mesozoic seas record a conspicuous expansion of mobile mollusks and ammonoids.
Cretaceous,Mesozoic,145.0,66.0,Bivalvia,Bivalves,39914,100804,0.395957,Bivalves lead these nine groups with 40% of selected records.,The marine record reflects increasingly modern mollusk-rich communities before the end-Cretaceous extinction.
Paleogene,Cenozoic,66.0,23.04,Gastropoda,Gastropods,39726,81769,0.485832,Gastropods lead these nine groups with 49% of selected records.,"With ammonoids gone, surviving mollusks and echinoids account for much of the selected record."
Neogene,Cenozoic,23.04,2.58,Gastropoda,Gastropods,49402,101305,0.487656,Gastropods lead these nine groups with 49% of selected records.,The selected fossil record increasingly resembles modern marine communities.
Quaternary,Cenozoic,2.58,0.0,Gastropoda,Gastropods,21208,49519,0.428280,Gastropods lead these nine groups with 43% of selected records.,"Young rocks and living lineages make this interval unusually familiar, but its short duration limits direct comparison."
