period,era,older_ma,younger_ma,scientific_name,common_name,occurrence_count,share_selected_groups,leader_common_name,leader_share,leader_summary,period_summary
Cambrian,Paleozoic,538.8,485.4,Trilobita,Trilobites,17354,0.7783808028705987,Trilobites,0.778381,Trilobites lead these nine groups with 78% of selected records.,The early record is strongly shaped by the rapid diversification of mineralized skeletons during the Cambrian explosion.
Cambrian,Paleozoic,538.8,485.4,Brachiopoda,Brachiopods,4696,0.21063018614039022,Trilobites,0.778381,Trilobites lead these nine groups with 78% of selected records.,The early record is strongly shaped by the rapid diversification of mineralized skeletons during the Cambrian explosion.
Cambrian,Paleozoic,538.8,485.4,Bryozoa,Bryozoans,10,0.00044853106077595876,Trilobites,0.778381,Trilobites lead these nine groups with 78% of selected records.,The early record is strongly shaped by the rapid diversification of mineralized skeletons during the Cambrian explosion.
Cambrian,Paleozoic,538.8,485.4,Anthozoa,Corals & anemones,23,0.001031621439784705,Trilobites,0.778381,Trilobites lead these nine groups with 78% of selected records.,The early record is strongly shaped by the rapid diversification of mineralized skeletons during the Cambrian explosion.
Cambrian,Paleozoic,538.8,485.4,Crinoidea,Crinoids,16,0.0007176496972415339,Trilobites,0.778381,Trilobites lead these nine groups with 78% of selected records.,The early record is strongly shaped by the rapid diversification of mineralized skeletons during the Cambrian explosion.
Cambrian,Paleozoic,538.8,485.4,Bivalvia,Bivalves,104,0.004664723032069971,Trilobites,0.778381,Trilobites lead these nine groups with 78% of selected records.,The early record is strongly shaped by the rapid diversification of mineralized skeletons during the Cambrian explosion.
Cambrian,Paleozoic,538.8,485.4,Gastropoda,Gastropods,92,0.00412648575913882,Trilobites,0.778381,Trilobites lead these nine groups with 78% of selected records.,The early record is strongly shaped by the rapid diversification of mineralized skeletons during the Cambrian explosion.
Cambrian,Paleozoic,538.8,485.4,Ammonoidea,Ammonoids,0,0.0,Trilobites,0.778381,Trilobites lead these nine groups with 78% of selected records.,The early record is strongly shaped by the rapid diversification of mineralized skeletons during the Cambrian explosion.
Cambrian,Paleozoic,538.8,485.4,Echinoidea,Echinoids,0,0.0,Trilobites,0.778381,Trilobites lead these nine groups with 78% of selected records.,The early record is strongly shaped by the rapid diversification of mineralized skeletons during the Cambrian explosion.
Ordovician,Paleozoic,485.4,443.8,Trilobita,Trilobites,24899,0.30504508477898656,Brachiopods,0.393438,Brachiopods lead these nine groups with 39% of selected records.,Marine diversity expanded sharply during the Great Ordovician Biodiversification Event.
Ordovician,Paleozoic,485.4,443.8,Brachiopoda,Brachiopods,32114,0.39343820444967165,Brachiopods,0.393438,Brachiopods lead these nine groups with 39% of selected records.,Marine diversity expanded sharply during the Great Ordovician Biodiversification Event.
Ordovician,Paleozoic,485.4,443.8,Bryozoa,Bryozoans,7248,0.08879741252572773,Brachiopods,0.393438,Brachiopods lead these nine groups with 39% of selected records.,Marine diversity expanded sharply during the Great Ordovician Biodiversification Event.
Ordovician,Paleozoic,485.4,443.8,Anthozoa,Corals & anemones,3067,0.037574732921689696,Brachiopods,0.393438,Brachiopods lead these nine groups with 39% of selected records.,Marine diversity expanded sharply during the Great Ordovician Biodiversification Event.
Ordovician,Paleozoic,485.4,443.8,Crinoidea,Crinoids,2583,0.031645104381064396,Brachiopods,0.393438,Brachiopods lead these nine groups with 39% of selected records.,Marine diversity expanded sharply during the Great Ordovician Biodiversification Event.
Ordovician,Paleozoic,485.4,443.8,Bivalvia,Bivalves,3838,0.04702048417132216,Brachiopods,0.393438,Brachiopods lead these nine groups with 39% of selected records.,Marine diversity expanded sharply during the Great Ordovician Biodiversification Event.
Ordovician,Paleozoic,485.4,443.8,Gastropoda,Gastropods,7840,0.09605018131921984,Brachiopods,0.393438,Brachiopods lead these nine groups with 39% of selected records.,Marine diversity expanded sharply during the Great Ordovician Biodiversification Event.
Ordovician,Paleozoic,485.4,443.8,Ammonoidea,Ammonoids,0,0.0,Brachiopods,0.393438,Brachiopods lead these nine groups with 39% of selected records.,Marine diversity expanded sharply during the Great Ordovician Biodiversification Event.
Ordovician,Paleozoic,485.4,443.8,Echinoidea,Echinoids,35,0.00042879545231794573,Brachiopods,0.393438,Brachiopods lead these nine groups with 39% of selected records.,Marine diversity expanded sharply during the Great Ordovician Biodiversification Event.
Silurian,Paleozoic,443.8,419.2,Trilobita,Trilobites,5084,0.12959139456042415,Brachiopods,0.508603,Brachiopods lead these nine groups with 51% of selected records.,"After the end-Ordovician extinction, reef and seafloor communities rebuilt in warmer seas."
Silurian,Paleozoic,443.8,419.2,Brachiopoda,Brachiopods,19953,0.508602890571232,Brachiopods,0.508603,Brachiopods lead these nine groups with 51% of selected records.,"After the end-Ordovician extinction, reef and seafloor communities rebuilt in warmer seas."
Silurian,Paleozoic,443.8,419.2,Bryozoa,Bryozoans,1497,0.038158599067064314,Brachiopods,0.508603,Brachiopods lead these nine groups with 51% of selected records.,"After the end-Ordovician extinction, reef and seafloor communities rebuilt in warmer seas."
Silurian,Paleozoic,443.8,419.2,Anthozoa,Corals & anemones,6336,0.1615049323239275,Brachiopods,0.508603,Brachiopods lead these nine groups with 51% of selected records.,"After the end-Ordovician extinction, reef and seafloor communities rebuilt in warmer seas."
Silurian,Paleozoic,443.8,419.2,Crinoidea,Crinoids,1723,0.04391934949402258,Brachiopods,0.508603,Brachiopods lead these nine groups with 51% of selected records.,"After the end-Ordovician extinction, reef and seafloor communities rebuilt in warmer seas."
Silurian,Paleozoic,443.8,419.2,Bivalvia,Bivalves,1990,0.05072519181259718,Brachiopods,0.508603,Brachiopods lead these nine groups with 51% of selected records.,"After the end-Ordovician extinction, reef and seafloor communities rebuilt in warmer seas."
Silurian,Paleozoic,443.8,419.2,Gastropoda,Gastropods,2626,0.06693686115571869,Brachiopods,0.508603,Brachiopods lead these nine groups with 51% of selected records.,"After the end-Ordovician extinction, reef and seafloor communities rebuilt in warmer seas."
Silurian,Paleozoic,443.8,419.2,Ammonoidea,Ammonoids,0,0.0,Brachiopods,0.508603,Brachiopods lead these nine groups with 51% of selected records.,"After the end-Ordovician extinction, reef and seafloor communities rebuilt in warmer seas."
Silurian,Paleozoic,443.8,419.2,Echinoidea,Echinoids,22,0.0005607810150136371,Brachiopods,0.508603,Brachiopods lead these nine groups with 51% of selected records.,"After the end-Ordovician extinction, reef and seafloor communities rebuilt in warmer seas."
Devonian,Paleozoic,419.2,358.9,Trilobita,Trilobites,6267,0.09449923097801502,Brachiopods,0.453994,Brachiopods lead these nine groups with 45% of selected records.,Complex reefs flourished while several familiar Paleozoic groups remained prominent.
Devonian,Paleozoic,419.2,358.9,Brachiopoda,Brachiopods,30108,0.4539943906631684,Brachiopods,0.453994,Brachiopods lead these nine groups with 45% of selected records.,Complex reefs flourished while several familiar Paleozoic groups remained prominent.
Devonian,Paleozoic,419.2,358.9,Bryozoa,Bryozoans,2429,0.036626556892548026,Brachiopods,0.453994,Brachiopods lead these nine groups with 45% of selected records.,Complex reefs flourished while several familiar Paleozoic groups remained prominent.
Devonian,Paleozoic,419.2,358.9,Anthozoa,Corals & anemones,10731,0.1618112729575681,Brachiopods,0.453994,Brachiopods lead these nine groups with 45% of selected records.,Complex reefs flourished while several familiar Paleozoic groups remained prominent.
Devonian,Paleozoic,419.2,358.9,Crinoidea,Crinoids,2032,0.030640248499653185,Brachiopods,0.453994,Brachiopods lead these nine groups with 45% of selected records.,Complex reefs flourished while several familiar Paleozoic groups remained prominent.
Devonian,Paleozoic,419.2,358.9,Bivalvia,Bivalves,6321,0.09531348955034832,Brachiopods,0.453994,Brachiopods lead these nine groups with 45% of selected records.,Complex reefs flourished while several familiar Paleozoic groups remained prominent.
Devonian,Paleozoic,419.2,358.9,Gastropoda,Gastropods,4502,0.0678850387526765,Brachiopods,0.453994,Brachiopods lead these nine groups with 45% of selected records.,Complex reefs flourished while several familiar Paleozoic groups remained prominent.
Devonian,Paleozoic,419.2,358.9,Ammonoidea,Ammonoids,3778,0.056967942338429986,Brachiopods,0.453994,Brachiopods lead these nine groups with 45% of selected records.,Complex reefs flourished while several familiar Paleozoic groups remained prominent.
Devonian,Paleozoic,419.2,358.9,Echinoidea,Echinoids,150,0.002261829367592509,Brachiopods,0.453994,Brachiopods lead these nine groups with 45% of selected records.,Complex reefs flourished while several familiar Paleozoic groups remained prominent.
Carboniferous,Paleozoic,358.9,298.9,Trilobita,Trilobites,1501,0.03415089188205315,Brachiopods,0.348244,Brachiopods lead these nine groups with 35% of selected records.,Shallow continental seas preserved extensive communities of shelled and stalked animals.
Carboniferous,Paleozoic,358.9,298.9,Brachiopoda,Brachiopods,15306,0.3482435384055333,Brachiopods,0.348244,Brachiopods lead these nine groups with 35% of selected records.,Shallow continental seas preserved extensive communities of shelled and stalked animals.
Carboniferous,Paleozoic,358.9,298.9,Bryozoa,Bryozoans,3232,0.07353476519839826,Brachiopods,0.348244,Brachiopods lead these nine groups with 35% of selected records.,Shallow continental seas preserved extensive communities of shelled and stalked animals.
Carboniferous,Paleozoic,358.9,298.9,Anthozoa,Corals & anemones,4307,0.097993265380415,Brachiopods,0.348244,Brachiopods lead these nine groups with 35% of selected records.,Shallow continental seas preserved extensive communities of shelled and stalked animals.
Carboniferous,Paleozoic,358.9,298.9,Crinoidea,Crinoids,4111,0.09353385511467055,Brachiopods,0.348244,Brachiopods lead these nine groups with 35% of selected records.,Shallow continental seas preserved extensive communities of shelled and stalked animals.
Carboniferous,Paleozoic,358.9,298.9,Bivalvia,Bivalves,4365,0.09931288678558427,Brachiopods,0.348244,Brachiopods lead these nine groups with 35% of selected records.,Shallow continental seas preserved extensive communities of shelled and stalked animals.
Carboniferous,Paleozoic,358.9,298.9,Gastropoda,Gastropods,5840,0.1328722242446305,Brachiopods,0.348244,Brachiopods lead these nine groups with 35% of selected records.,Shallow continental seas preserved extensive communities of shelled and stalked animals.
Carboniferous,Paleozoic,358.9,298.9,Ammonoidea,Ammonoids,4949,0.11260010921004733,Brachiopods,0.348244,Brachiopods lead these nine groups with 35% of selected records.,Shallow continental seas preserved extensive communities of shelled and stalked animals.
Carboniferous,Paleozoic,358.9,298.9,Echinoidea,Echinoids,341,0.0077584637786676375,Brachiopods,0.348244,Brachiopods lead these nine groups with 35% of selected records.,Shallow continental seas preserved extensive communities of shelled and stalked animals.
Permian,Paleozoic,298.9,251.902,Trilobita,Trilobites,524,0.005962540679547575,Brachiopods,0.601466,Brachiopods lead these nine groups with 60% of selected records.,This is the final chapter of the classic Paleozoic fauna before the end-Permian mass extinction.
Permian,Paleozoic,298.9,251.902,Brachiopoda,Brachiopods,52858,0.6014656016021483,Brachiopods,0.601466,Brachiopods lead these nine groups with 60% of selected records.,This is the final chapter of the classic Paleozoic fauna before the end-Permian mass extinction.
Permian,Paleozoic,298.9,251.902,Bryozoa,Bryozoans,7140,0.08124530620604901,Brachiopods,0.601466,Brachiopods lead these nine groups with 60% of selected records.,This is the final chapter of the classic Paleozoic fauna before the end-Permian mass extinction.
Permian,Paleozoic,298.9,251.902,Anthozoa,Corals & anemones,4315,0.049099929450854556,Brachiopods,0.601466,Brachiopods lead these nine groups with 60% of selected records.,This is the final chapter of the classic Paleozoic fauna before the end-Permian mass extinction.
Permian,Paleozoic,298.9,251.902,Crinoidea,Crinoids,1623,0.018467945654400218,Brachiopods,0.601466,Brachiopods lead these nine groups with 60% of selected records.,This is the final chapter of the classic Paleozoic fauna before the end-Permian mass extinction.
Permian,Paleozoic,298.9,251.902,Bivalvia,Bivalves,9512,0.10823604378598575,Brachiopods,0.601466,Brachiopods lead these nine groups with 60% of selected records.,This is the final chapter of the classic Paleozoic fauna before the end-Permian mass extinction.
Permian,Paleozoic,298.9,251.902,Gastropoda,Gastropods,6338,0.07211943287590178,Brachiopods,0.601466,Brachiopods lead these nine groups with 60% of selected records.,This is the final chapter of the classic Paleozoic fauna before the end-Permian mass extinction.
Permian,Paleozoic,298.9,251.902,Ammonoidea,Ammonoids,5365,0.06104776859880294,Brachiopods,0.601466,Brachiopods lead these nine groups with 60% of selected records.,This is the final chapter of the classic Paleozoic fauna before the end-Permian mass extinction.
Permian,Paleozoic,298.9,251.902,Echinoidea,Echinoids,207,0.0023554311463098243,Brachiopods,0.601466,Brachiopods lead these nine groups with 60% of selected records.,This is the final chapter of the classic Paleozoic fauna before the end-Permian mass extinction.
Triassic,Mesozoic,251.902,201.4,Trilobita,Trilobites,0,0.0,Ammonoids,0.347255,Ammonoids lead these nine groups with 35% of selected records.,Recovery after the largest mass extinction reset marine ecosystems and opened space for new lineages.
Triassic,Mesozoic,251.902,201.4,Brachiopoda,Brachiopods,7401,0.1367112457514408,Ammonoids,0.347255,Ammonoids lead these nine groups with 35% of selected records.,Recovery after the largest mass extinction reset marine ecosystems and opened space for new lineages.
Triassic,Mesozoic,251.902,201.4,Bryozoa,Bryozoans,243,0.004488695138170533,Ammonoids,0.347255,Ammonoids lead these nine groups with 35% of selected records.,Recovery after the largest mass extinction reset marine ecosystems and opened space for new lineages.
Triassic,Mesozoic,251.902,201.4,Anthozoa,Corals & anemones,2563,0.047343726910004436,Ammonoids,0.347255,Ammonoids lead these nine groups with 35% of selected records.,Recovery after the largest mass extinction reset marine ecosystems and opened space for new lineages.
Triassic,Mesozoic,251.902,201.4,Crinoidea,Crinoids,754,0.013927885325846018,Ammonoids,0.347255,Ammonoids lead these nine groups with 35% of selected records.,Recovery after the largest mass extinction reset marine ecosystems and opened space for new lineages.
Triassic,Mesozoic,251.902,201.4,Bivalvia,Bivalves,17968,0.3319048322742722,Ammonoids,0.347255,Ammonoids lead these nine groups with 35% of selected records.,Recovery after the largest mass extinction reset marine ecosystems and opened space for new lineages.
Triassic,Mesozoic,251.902,201.4,Gastropoda,Gastropods,5805,0.10722993941185163,Ammonoids,0.347255,Ammonoids lead these nine groups with 35% of selected records.,Recovery after the largest mass extinction reset marine ecosystems and opened space for new lineages.
Triassic,Mesozoic,251.902,201.4,Ammonoidea,Ammonoids,18799,0.3472550613270282,Ammonoids,0.347255,Ammonoids lead these nine groups with 35% of selected records.,Recovery after the largest mass extinction reset marine ecosystems and opened space for new lineages.
Triassic,Mesozoic,251.902,201.4,Echinoidea,Echinoids,603,0.011138613861386138,Ammonoids,0.347255,Ammonoids lead these nine groups with 35% of selected records.,Recovery after the largest mass extinction reset marine ecosystems and opened space for new lineages.
Jurassic,Mesozoic,201.4,145.0,Trilobita,Trilobites,0,0.0,Bivalves,0.355554,Bivalves lead these nine groups with 36% of selected records.,Mesozoic seas record a conspicuous expansion of mobile mollusks and ammonoids.
Jurassic,Mesozoic,201.4,145.0,Brachiopoda,Brachiopods,15058,0.15642887566096342,Bivalves,0.355554,Bivalves lead these nine groups with 36% of selected records.,Mesozoic seas record a conspicuous expansion of mobile mollusks and ammonoids.
Jurassic,Mesozoic,201.4,145.0,Bryozoa,Bryozoans,293,0.003043807980386657,Bivalves,0.355554,Bivalves lead these nine groups with 36% of selected records.,Mesozoic seas record a conspicuous expansion of mobile mollusks and ammonoids.
Jurassic,Mesozoic,201.4,145.0,Anthozoa,Corals & anemones,7464,0.07753919032630037,Bivalves,0.355554,Bivalves lead these nine groups with 36% of selected records.,Mesozoic seas record a conspicuous expansion of mobile mollusks and ammonoids.
Jurassic,Mesozoic,201.4,145.0,Crinoidea,Crinoids,800,0.008310738513001112,Bivalves,0.355554,Bivalves lead these nine groups with 36% of selected records.,Mesozoic seas record a conspicuous expansion of mobile mollusks and ammonoids.
Jurassic,Mesozoic,201.4,145.0,Bivalvia,Bivalves,34226,0.35555417043247006,Bivalves,0.355554,Bivalves lead these nine groups with 36% of selected records.,Mesozoic seas record a conspicuous expansion of mobile mollusks and ammonoids.
Jurassic,Mesozoic,201.4,145.0,Gastropoda,Gastropods,6269,0.06512502467250496,Bivalves,0.355554,Bivalves lead these nine groups with 36% of selected records.,Mesozoic seas record a conspicuous expansion of mobile mollusks and ammonoids.
Jurassic,Mesozoic,201.4,145.0,Ammonoidea,Ammonoids,30726,0.3191946894380902,Bivalves,0.355554,Bivalves lead these nine groups with 36% of selected records.,Mesozoic seas record a conspicuous expansion of mobile mollusks and ammonoids.
Jurassic,Mesozoic,201.4,145.0,Echinoidea,Echinoids,1425,0.01480350297628323,Bivalves,0.355554,Bivalves lead these nine groups with 36% of selected records.,Mesozoic seas record a conspicuous expansion of mobile mollusks and ammonoids.
Cretaceous,Mesozoic,145.0,66.0,Trilobita,Trilobites,0,0.0,Bivalves,0.395957,Bivalves lead these nine groups with 40% of selected records.,The marine record reflects increasingly modern mollusk-rich communities before the end-Cretaceous extinction.
Cretaceous,Mesozoic,145.0,66.0,Brachiopoda,Brachiopods,3453,0.034254593071703504,Bivalves,0.395957,Bivalves lead these nine groups with 40% of selected records.,The marine record reflects increasingly modern mollusk-rich communities before the end-Cretaceous extinction.
Cretaceous,Mesozoic,145.0,66.0,Bryozoa,Bryozoans,1637,0.016239434943057816,Bivalves,0.395957,Bivalves lead these nine groups with 40% of selected records.,The marine record reflects increasingly modern mollusk-rich communities before the end-Cretaceous extinction.
Cretaceous,Mesozoic,145.0,66.0,Anthozoa,Corals & anemones,6029,0.059809134558152455,Bivalves,0.395957,Bivalves lead these nine groups with 40% of selected records.,The marine record reflects increasingly modern mollusk-rich communities before the end-Cretaceous extinction.
Cretaceous,Mesozoic,145.0,66.0,Crinoidea,Crinoids,537,0.00532716955676362,Bivalves,0.395957,Bivalves lead these nine groups with 40% of selected records.,The marine record reflects increasingly modern mollusk-rich communities before the end-Cretaceous extinction.
Cretaceous,Mesozoic,145.0,66.0,Bivalvia,Bivalves,39914,0.395956509662315,Bivalves,0.395957,Bivalves lead these nine groups with 40% of selected records.,The marine record reflects increasingly modern mollusk-rich communities before the end-Cretaceous extinction.
Cretaceous,Mesozoic,145.0,66.0,Gastropoda,Gastropods,15312,0.1518987341772152,Bivalves,0.395957,Bivalves lead these nine groups with 40% of selected records.,The marine record reflects increasingly modern mollusk-rich communities before the end-Cretaceous extinction.
Cretaceous,Mesozoic,145.0,66.0,Ammonoidea,Ammonoids,29495,0.29259751597158845,Bivalves,0.395957,Bivalves lead these nine groups with 40% of selected records.,The marine record reflects increasingly modern mollusk-rich communities before the end-Cretaceous extinction.
Cretaceous,Mesozoic,145.0,66.0,Echinoidea,Echinoids,4427,0.043916908059204,Bivalves,0.395957,Bivalves lead these nine groups with 40% of selected records.,The marine record reflects increasingly modern mollusk-rich communities before the end-Cretaceous extinction.
Paleogene,Cenozoic,66.0,23.04,Trilobita,Trilobites,0,0.0,Gastropods,0.485832,Gastropods lead these nine groups with 49% of selected records.,"With ammonoids gone, surviving mollusks and echinoids account for much of the selected record."
Paleogene,Cenozoic,66.0,23.04,Brachiopoda,Brachiopods,1168,0.01428414191197153,Gastropods,0.485832,Gastropods lead these nine groups with 49% of selected records.,"With ammonoids gone, surviving mollusks and echinoids account for much of the selected record."
Paleogene,Cenozoic,66.0,23.04,Bryozoa,Bryozoans,2197,0.02686837309983001,Gastropods,0.485832,Gastropods lead these nine groups with 49% of selected records.,"With ammonoids gone, surviving mollusks and echinoids account for much of the selected record."
Paleogene,Cenozoic,66.0,23.04,Anthozoa,Corals & anemones,5805,0.0709926744854407,Gastropods,0.485832,Gastropods lead these nine groups with 49% of selected records.,"With ammonoids gone, surviving mollusks and echinoids account for much of the selected record."
Paleogene,Cenozoic,66.0,23.04,Crinoidea,Crinoids,159,0.001944502195208453,Gastropods,0.485832,Gastropods lead these nine groups with 49% of selected records.,"With ammonoids gone, surviving mollusks and echinoids account for much of the selected record."
Paleogene,Cenozoic,66.0,23.04,Bivalvia,Bivalves,31009,0.3792268463598674,Gastropods,0.485832,Gastropods lead these nine groups with 49% of selected records.,"With ammonoids gone, surviving mollusks and echinoids account for much of the selected record."
Paleogene,Cenozoic,66.0,23.04,Gastropoda,Gastropods,39726,0.4858320390367988,Gastropods,0.485832,Gastropods lead these nine groups with 49% of selected records.,"With ammonoids gone, surviving mollusks and echinoids account for much of the selected record."
Paleogene,Cenozoic,66.0,23.04,Ammonoidea,Ammonoids,11,0.0001345253091024716,Gastropods,0.485832,Gastropods lead these nine groups with 49% of selected records.,"With ammonoids gone, surviving mollusks and echinoids account for much of the selected record."
Paleogene,Cenozoic,66.0,23.04,Echinoidea,Echinoids,1694,0.020716897601780627,Gastropods,0.485832,Gastropods lead these nine groups with 49% of selected records.,"With ammonoids gone, surviving mollusks and echinoids account for much of the selected record."
Neogene,Cenozoic,23.04,2.58,Trilobita,Trilobites,0,0.0,Gastropods,0.487656,Gastropods lead these nine groups with 49% of selected records.,The selected fossil record increasingly resembles modern marine communities.
Neogene,Cenozoic,23.04,2.58,Brachiopoda,Brachiopods,1231,0.012151423917871773,Gastropods,0.487656,Gastropods lead these nine groups with 49% of selected records.,The selected fossil record increasingly resembles modern marine communities.
Neogene,Cenozoic,23.04,2.58,Bryozoa,Bryozoans,3685,0.03637530230492078,Gastropods,0.487656,Gastropods lead these nine groups with 49% of selected records.,The selected fossil record increasingly resembles modern marine communities.
Neogene,Cenozoic,23.04,2.58,Anthozoa,Corals & anemones,7818,0.0771728937367356,Gastropods,0.487656,Gastropods lead these nine groups with 49% of selected records.,The selected fossil record increasingly resembles modern marine communities.
Neogene,Cenozoic,23.04,2.58,Crinoidea,Crinoids,26,0.000256650708257243,Gastropods,0.487656,Gastropods lead these nine groups with 49% of selected records.,The selected fossil record increasingly resembles modern marine communities.
Neogene,Cenozoic,23.04,2.58,Bivalvia,Bivalves,37454,0.3697152164256453,Gastropods,0.487656,Gastropods lead these nine groups with 49% of selected records.,The selected fossil record increasingly resembles modern marine communities.
Neogene,Cenozoic,23.04,2.58,Gastropoda,Gastropods,49402,0.4876560880509353,Gastropods,0.487656,Gastropods lead these nine groups with 49% of selected records.,The selected fossil record increasingly resembles modern marine communities.
Neogene,Cenozoic,23.04,2.58,Ammonoidea,Ammonoids,0,0.0,Gastropods,0.487656,Gastropods lead these nine groups with 49% of selected records.,The selected fossil record increasingly resembles modern marine communities.
Neogene,Cenozoic,23.04,2.58,Echinoidea,Echinoids,1689,0.016672424855633975,Gastropods,0.487656,Gastropods lead these nine groups with 49% of selected records.,The selected fossil record increasingly resembles modern marine communities.
Quaternary,Cenozoic,2.58,0.0,Trilobita,Trilobites,0,0.0,Gastropods,0.428280,Gastropods lead these nine groups with 43% of selected records.,"Young rocks and living lineages make this interval unusually familiar, but its short duration limits direct comparison."
Quaternary,Cenozoic,2.58,0.0,Brachiopoda,Brachiopods,593,0.011975201437831944,Gastropods,0.428280,Gastropods lead these nine groups with 43% of selected records.,"Young rocks and living lineages make this interval unusually familiar, but its short duration limits direct comparison."
Quaternary,Cenozoic,2.58,0.0,Bryozoa,Bryozoans,919,0.01855853308830954,Gastropods,0.428280,Gastropods lead these nine groups with 43% of selected records.,"Young rocks and living lineages make this interval unusually familiar, but its short duration limits direct comparison."
Quaternary,Cenozoic,2.58,0.0,Anthozoa,Corals & anemones,9826,0.19842888588218663,Gastropods,0.428280,Gastropods lead these nine groups with 43% of selected records.,"Young rocks and living lineages make this interval unusually familiar, but its short duration limits direct comparison."
Quaternary,Cenozoic,2.58,0.0,Crinoidea,Crinoids,3,6.058280659948707e-05,Gastropods,0.428280,Gastropods lead these nine groups with 43% of selected records.,"Young rocks and living lineages make this interval unusually familiar, but its short duration limits direct comparison."
Quaternary,Cenozoic,2.58,0.0,Bivalvia,Bivalves,16446,0.33211494577838807,Gastropods,0.428280,Gastropods lead these nine groups with 43% of selected records.,"Young rocks and living lineages make this interval unusually familiar, but its short duration limits direct comparison."
Quaternary,Cenozoic,2.58,0.0,Gastropoda,Gastropods,21208,0.4282800541206406,Gastropods,0.428280,Gastropods lead these nine groups with 43% of selected records.,"Young rocks and living lineages make this interval unusually familiar, but its short duration limits direct comparison."
Quaternary,Cenozoic,2.58,0.0,Ammonoidea,Ammonoids,0,0.0,Gastropods,0.428280,Gastropods lead these nine groups with 43% of selected records.,"Young rocks and living lineages make this interval unusually familiar, but its short duration limits direct comparison."
Quaternary,Cenozoic,2.58,0.0,Echinoidea,Echinoids,524,0.010581796886043741,Gastropods,0.428280,Gastropods lead these nine groups with 43% of selected records.,"Young rocks and living lineages make this interval unusually familiar, but its short duration limits direct comparison."
